"age group","county name","cases","deaths","confirmed_case_hospitalization"
"01-04 years","Georgia","56105","7","995"
"05-09 years","Georgia","87851","5","661"
"10-17 years","Georgia","207728","22","2073"
"18-29 years","Georgia","479967","297","10185"
"30-39 years","Georgia","385117","739","12069"
"40-49 years","Georgia","347748","1634","15432"
"50-59 years","Georgia","318794","3975","22558"
"60-69 years","Georgia","220507","7246","26296"
"70-79 years","Georgia","128920","9502","24962"
"80 & Older years","Georgia","68267","11252","19294"
"<1 years","Georgia","22380","8","1091"
"Unknown years","Georgia","3115","0","424"
"01-04 years","Appling","84","0","0"
"05-09 years","Appling","133","0","0"
"10-17 years","Appling","435","1","3"
"18-29 years","Appling","677","1","9"
"30-39 years","Appling","525","4","13"
"40-49 years","Appling","514","10","32"
"50-59 years","Appling","519","12","54"
"60-69 years","Appling","439","25","80"
"70-79 years","Appling","314","27","74"
"80 & Older years","Appling","161","36","55"
"<1 years","Appling","28","0","0"
"01-04 years","Atkinson","47","1","3"
"05-09 years","Atkinson","77","0","1"
"10-17 years","Atkinson","192","0","2"
"18-29 years","Atkinson","332","0","16"
"30-39 years","Atkinson","243","0","20"
"40-49 years","Atkinson","251","4","40"
"50-59 years","Atkinson","233","5","46"
"60-69 years","Atkinson","163","12","62"
"70-79 years","Atkinson","89","10","40"
"80 & Older years","Atkinson","44","14","31"
"<1 years","Atkinson","22","0","1"
"01-04 years","Bacon","63","0","1"
"05-09 years","Bacon","89","0","0"
"10-17 years","Bacon","247","0","1"
"18-29 years","Bacon","679","0","15"
"30-39 years","Bacon","415","1","13"
"40-49 years","Bacon","412","5","29"
"50-59 years","Bacon","335","5","35"
"60-69 years","Bacon","284","21","67"
"70-79 years","Bacon","188","19","59"
"80 & Older years","Bacon","107","18","40"
"<1 years","Bacon","23","0","0"
"Unknown years","Bacon","1","0","0"
"01-04 years","Baker","12","0","0"
"05-09 years","Baker","23","0","0"
"10-17 years","Baker","24","0","1"
"18-29 years","Baker","64","0","1"
"30-39 years","Baker","41","0","6"
"40-49 years","Baker","37","3","4"
"50-59 years","Baker","43","0","5"
"60-69 years","Baker","48","3","18"
"70-79 years","Baker","26","3","11"
"80 & Older years","Baker","19","5","8"
"<1 years","Baker","3","0","0"
"01-04 years","Baldwin","151","0","2"
"05-09 years","Baldwin","286","0","0"
"10-17 years","Baldwin","618","1","5"
"18-29 years","Baldwin","2244","0","28"
"30-39 years","Baldwin","1191","2","25"
"40-49 years","Baldwin","1094","7","49"
"50-59 years","Baldwin","1078","25","94"
"60-69 years","Baldwin","851","45","118"
"70-79 years","Baldwin","534","56","88"
"80 & Older years","Baldwin","310","77","87"
"<1 years","Baldwin","54","0","4"
"Unknown years","Baldwin","1","0","0"
"01-04 years","Banks","74","0","5"
"05-09 years","Banks","112","0","2"
"10-17 years","Banks","279","0","6"
"18-29 years","Banks","762","1","26"
"30-39 years","Banks","574","0","24"
"40-49 years","Banks","551","7","36"
"50-59 years","Banks","582","11","53"
"60-69 years","Banks","475","20","89"
"70-79 years","Banks","352","31","99"
"80 & Older years","Banks","163","22","52"
"<1 years","Banks","41","0","3"
"Unknown years","Banks","6","0","1"
"01-04 years","Barrow","528","0","11"
"05-09 years","Barrow","844","0","7"
"10-17 years","Barrow","2185","1","24"
"18-29 years","Barrow","4383","2","86"
"30-39 years","Barrow","3927","3","107"
"40-49 years","Barrow","3642","13","135"
"50-59 years","Barrow","3213","25","202"
"60-69 years","Barrow","2159","66","233"
"70-79 years","Barrow","1327","73","195"
"80 & Older years","Barrow","585","89","167"
"<1 years","Barrow","262","0","14"
"Unknown years","Barrow","7","0","2"
"01-04 years","Bartow","639","0","23"
"05-09 years","Bartow","874","0","6"
"10-17 years","Bartow","2318","0","27"
"18-29 years","Bartow","4893","0","71"
"30-39 years","Bartow","4035","6","100"
"40-49 years","Bartow","3782","12","156"
"50-59 years","Bartow","3991","38","279"
"60-69 years","Bartow","2638","104","298"
"70-79 years","Bartow","1669","134","332"
"80 & Older years","Bartow","814","123","221"
"<1 years","Bartow","309","0","14"
"Unknown years","Bartow","11","0","2"
"01-04 years","Ben Hill","46","0","1"
"05-09 years","Ben Hill","44","0","0"
"10-17 years","Ben Hill","187","0","0"
"18-29 years","Ben Hill","447","0","5"
"30-39 years","Ben Hill","367","3","13"
"40-49 years","Ben Hill","317","2","20"
"50-59 years","Ben Hill","336","7","39"
"60-69 years","Ben Hill","300","17","46"
"70-79 years","Ben Hill","194","26","65"
"80 & Older years","Ben Hill","85","20","27"
"<1 years","Ben Hill","23","0","2"
"01-04 years","Berrien","73","0","1"
"05-09 years","Berrien","77","0","0"
"10-17 years","Berrien","202","0","1"
"18-29 years","Berrien","417","0","0"
"30-39 years","Berrien","350","0","9"
"40-49 years","Berrien","278","1","9"
"50-59 years","Berrien","331","7","33"
"60-69 years","Berrien","257","13","40"
"70-79 years","Berrien","181","24","38"
"80 & Older years","Berrien","96","20","25"
"<1 years","Berrien","44","0","0"
"01-04 years","Bibb","594","0","12"
"05-09 years","Bibb","1017","0","5"
"10-17 years","Bibb","2452","0","21"
"18-29 years","Bibb","7342","4","179"
"30-39 years","Bibb","5577","12","243"
"40-49 years","Bibb","5011","32","367"
"50-59 years","Bibb","4588","72","528"
"60-69 years","Bibb","3540","168","678"
"70-79 years","Bibb","2092","203","574"
"80 & Older years","Bibb","1119","231","459"
"<1 years","Bibb","201","0","11"
"Unknown years","Bibb","4","0","0"
"01-04 years","Bleckley","27","0","1"
"05-09 years","Bleckley","62","0","0"
"10-17 years","Bleckley","168","0","1"
"18-29 years","Bleckley","368","0","6"
"30-39 years","Bleckley","233","1","5"
"40-49 years","Bleckley","215","1","4"
"50-59 years","Bleckley","200","4","15"
"60-69 years","Bleckley","146","11","20"
"70-79 years","Bleckley","106","10","19"
"80 & Older years","Bleckley","79","21","18"
"<1 years","Bleckley","9","0","0"
"01-04 years","Brantley","67","0","0"
"05-09 years","Brantley","104","0","0"
"10-17 years","Brantley","284","0","1"
"18-29 years","Brantley","509","0","5"
"30-39 years","Brantley","396","3","10"
"40-49 years","Brantley","372","6","24"
"50-59 years","Brantley","416","20","44"
"60-69 years","Brantley","288","18","49"
"70-79 years","Brantley","201","29","54"
"80 & Older years","Brantley","82","17","20"
"<1 years","Brantley","14","0","1"
"Unknown years","Brantley","1","0","0"
"01-04 years","Brooks","63","0","3"
"05-09 years","Brooks","73","0","0"
"10-17 years","Brooks","175","0","0"
"18-29 years","Brooks","366","0","4"
"30-39 years","Brooks","310","1","12"
"40-49 years","Brooks","294","2","18"
"50-59 years","Brooks","311","7","35"
"60-69 years","Brooks","223","13","33"
"70-79 years","Brooks","199","23","40"
"80 & Older years","Brooks","126","30","39"
"<1 years","Brooks","27","0","0"
"Unknown years","Brooks","1","0","0"
"01-04 years","Bryan","301","0","4"
"05-09 years","Bryan","392","0","2"
"10-17 years","Bryan","926","0","7"
"18-29 years","Bryan","1483","2","25"
"30-39 years","Bryan","1342","6","38"
"40-49 years","Bryan","1309","6","62"
"50-59 years","Bryan","949","10","65"
"60-69 years","Bryan","591","20","87"
"70-79 years","Bryan","359","26","121"
"80 & Older years","Bryan","151","20","55"
"<1 years","Bryan","137","0","9"
"Unknown years","Bryan","12","0","1"
"01-04 years","Bulloch","287","0","1"
"05-09 years","Bulloch","474","0","2"
"10-17 years","Bulloch","1142","0","4"
"18-29 years","Bulloch","4050","1","25"
"30-39 years","Bulloch","1636","5","39"
"40-49 years","Bulloch","1234","8","42"
"50-59 years","Bulloch","1130","18","83"
"60-69 years","Bulloch","745","26","93"
"70-79 years","Bulloch","399","34","79"
"80 & Older years","Bulloch","195","27","61"
"<1 years","Bulloch","137","0","8"
"01-04 years","Burke","64","0","1"
"05-09 years","Burke","110","0","0"
"10-17 years","Burke","281","0","4"
"18-29 years","Burke","634","2","22"
"30-39 years","Burke","520","2","24"
"40-49 years","Burke","516","5","32"
"50-59 years","Burke","452","8","48"
"60-69 years","Burke","372","15","64"
"70-79 years","Burke","199","25","69"
"80 & Older years","Burke","62","15","26"
"<1 years","Burke","25","0","0"
"Unknown years","Burke","2","0","0"
"01-04 years","Butts","117","0","3"
"05-09 years","Butts","146","0","0"
"10-17 years","Butts","383","0","7"
"18-29 years","Butts","1003","0","21"
"30-39 years","Butts","897","2","17"
"40-49 years","Butts","808","5","33"
"50-59 years","Butts","842","20","67"
"60-69 years","Butts","628","29","82"
"70-79 years","Butts","430","49","80"
"80 & Older years","Butts","257","54","38"
"<1 years","Butts","50","0","3"
"Unknown years","Butts","2","0","0"
"01-04 years","Calhoun","30","0","0"
"05-09 years","Calhoun","24","0","0"
"10-17 years","Calhoun","75","0","1"
"18-29 years","Calhoun","191","0","10"
"30-39 years","Calhoun","201","3","10"
"40-49 years","Calhoun","172","1","12"
"50-59 years","Calhoun","152","4","22"
"60-69 years","Calhoun","127","4","32"
"70-79 years","Calhoun","51","7","14"
"80 & Older years","Calhoun","50","5","17"
"<1 years","Calhoun","9","0","0"
"01-04 years","Camden","307","0","0"
"05-09 years","Camden","441","0","2"
"10-17 years","Camden","998","0","3"
"18-29 years","Camden","2270","0","14"
"30-39 years","Camden","1825","3","27"
"40-49 years","Camden","1273","10","35"
"50-59 years","Camden","1347","17","46"
"60-69 years","Camden","985","29","66"
"70-79 years","Camden","590","24","52"
"80 & Older years","Camden","242","33","39"
"<1 years","Camden","101","0","2"
"Unknown years","Camden","72","0","0"
"01-04 years","Candler","25","0","0"
"05-09 years","Candler","50","0","0"
"10-17 years","Candler","134","0","0"
"18-29 years","Candler","259","0","2"
"30-39 years","Candler","212","0","9"
"40-49 years","Candler","209","5","9"
"50-59 years","Candler","243","13","29"
"60-69 years","Candler","172","12","30"
"70-79 years","Candler","114","15","25"
"80 & Older years","Candler","49","14","19"
"<1 years","Candler","21","0","1"
"01-04 years","Carroll","327","0","4"
"05-09 years","Carroll","526","0","5"
"10-17 years","Carroll","1569","0","6"
"18-29 years","Carroll","3767","0","29"
"30-39 years","Carroll","2665","3","29"
"40-49 years","Carroll","2380","13","53"
"50-59 years","Carroll","2309","20","85"
"60-69 years","Carroll","1581","39","123"
"70-79 years","Carroll","931","54","99"
"80 & Older years","Carroll","481","65","67"
"<1 years","Carroll","137","0","3"
"Unknown years","Carroll","13","0","7"
"01-04 years","Catoosa","323","0","2"
"05-09 years","Catoosa","522","0","2"
"10-17 years","Catoosa","1391","0","3"
"18-29 years","Catoosa","2606","1","19"
"30-39 years","Catoosa","2135","2","23"
"40-49 years","Catoosa","2121","5","46"
"50-59 years","Catoosa","2012","18","72"
"60-69 years","Catoosa","1417","23","91"
"70-79 years","Catoosa","931","41","104"
"80 & Older years","Catoosa","579","65","83"
"<1 years","Catoosa","117","0","2"
"Unknown years","Catoosa","21","0","1"
"01-04 years","Charlton","42","0","0"
"05-09 years","Charlton","66","0","0"
"10-17 years","Charlton","145","0","0"
"18-29 years","Charlton","625","0","4"
"30-39 years","Charlton","510","2","5"
"40-49 years","Charlton","399","3","13"
"50-59 years","Charlton","285","5","15"
"60-69 years","Charlton","251","12","36"
"70-79 years","Charlton","143","14","35"
"80 & Older years","Charlton","63","12","23"
"<1 years","Charlton","21","0","0"
"01-04 years","Chatham","2396","0","26"
"05-09 years","Chatham","3268","1","15"
"10-17 years","Chatham","6171","0","47"
"18-29 years","Chatham","14354","8","249"
"30-39 years","Chatham","11004","27","370"
"40-49 years","Chatham","8190","50","416"
"50-59 years","Chatham","7221","103","611"
"60-69 years","Chatham","5502","189","818"
"70-79 years","Chatham","3057","249","798"
"80 & Older years","Chatham","1657","287","693"
"<1 years","Chatham","1090","1","33"
"Unknown years","Chatham","28","0","3"
"01-04 years","Chattahoochee","35","0","0"
"05-09 years","Chattahoochee","72","0","0"
"10-17 years","Chattahoochee","252","0","2"
"18-29 years","Chattahoochee","5478","7","13"
"30-39 years","Chattahoochee","655","2","8"
"40-49 years","Chattahoochee","160","1","4"
"50-59 years","Chattahoochee","101","2","12"
"60-69 years","Chattahoochee","68","1","12"
"70-79 years","Chattahoochee","34","3","8"
"80 & Older years","Chattahoochee","17","3","7"
"<1 years","Chattahoochee","15","0","0"
"Unknown years","Chattahoochee","1","0","0"
"01-04 years","Chattooga","127","0","1"
"05-09 years","Chattooga","209","0","2"
"10-17 years","Chattooga","582","0","7"
"18-29 years","Chattooga","1033","0","13"
"30-39 years","Chattooga","868","3","17"
"40-49 years","Chattooga","858","7","44"
"50-59 years","Chattooga","869","20","61"
"60-69 years","Chattooga","639","29","76"
"70-79 years","Chattooga","432","25","88"
"80 & Older years","Chattooga","243","45","61"
"<1 years","Chattooga","68","0","6"
"Unknown years","Chattooga","3","0","1"
"01-04 years","Cherokee","1155","0","15"
"05-09 years","Cherokee","1950","0","18"
"10-17 years","Cherokee","5217","0","27"
"18-29 years","Cherokee","9686","3","177"
"30-39 years","Cherokee","8053","10","216"
"40-49 years","Cherokee","8258","18","298"
"50-59 years","Cherokee","8175","62","459"
"60-69 years","Cherokee","5435","112","535"
"70-79 years","Cherokee","3658","177","553"
"80 & Older years","Cherokee","1879","261","480"
"<1 years","Cherokee","497","0","21"
"Unknown years","Cherokee","1","0","1"
"01-04 years","Clarke","733","1","27"
"05-09 years","Clarke","983","0","15"
"10-17 years","Clarke","1932","0","42"
"18-29 years","Clarke","12500","1","231"
"30-39 years","Clarke","4392","3","199"
"40-49 years","Clarke","3297","8","194"
"50-59 years","Clarke","2692","21","225"
"60-69 years","Clarke","1926","49","273"
"70-79 years","Clarke","1262","71","295"
"80 & Older years","Clarke","620","86","217"
"<1 years","Clarke","319","0","20"
"Unknown years","Clarke","2","0","1"
"01-04 years","Clay","17","0","0"
"05-09 years","Clay","19","0","0"
"10-17 years","Clay","46","0","0"
"18-29 years","Clay","64","0","0"
"30-39 years","Clay","60","0","2"
"40-49 years","Clay","57","0","3"
"50-59 years","Clay","40","1","3"
"60-69 years","Clay","38","2","2"
"70-79 years","Clay","26","0","1"
"80 & Older years","Clay","19","3","4"
"<1 years","Clay","6","0","0"
"01-04 years","Clayton","1931","1","42"
"05-09 years","Clayton","3345","1","30"
"10-17 years","Clayton","6845","2","99"
"18-29 years","Clayton","13770","15","404"
"30-39 years","Clayton","12728","46","551"
"40-49 years","Clayton","10818","61","561"
"50-59 years","Clayton","9627","152","771"
"60-69 years","Clayton","6181","250","742"
"70-79 years","Clayton","2553","245","518"
"80 & Older years","Clayton","1127","222","332"
"<1 years","Clayton","695","0","41"
"Unknown years","Clayton","31","0","13"
"01-04 years","Clinch","39","0","0"
"05-09 years","Clinch","54","0","0"
"10-17 years","Clinch","141","0","0"
"18-29 years","Clinch","272","0","4"
"30-39 years","Clinch","234","1","5"
"40-49 years","Clinch","200","0","4"
"50-59 years","Clinch","212","3","23"
"60-69 years","Clinch","218","16","28"
"70-79 years","Clinch","121","13","27"
"80 & Older years","Clinch","57","9","12"
"<1 years","Clinch","21","0","0"
"01-04 years","Cobb","4201","1","61"
"05-09 years","Cobb","6680","0","39"
"10-17 years","Cobb","14997","0","100"
"18-29 years","Cobb","35576","17","419"
"30-39 years","Cobb","28751","41","458"
"40-49 years","Cobb","26330","79","635"
"50-59 years","Cobb","23002","176","920"
"60-69 years","Cobb","15132","319","958"
"70-79 years","Cobb","8373","516","959"
"80 & Older years","Cobb","4547","728","966"
"<1 years","Cobb","1402","0","45"
"Unknown years","Cobb","93","0","0"
"01-04 years","Coffee","216","0","4"
"05-09 years","Coffee","347","0","7"
"10-17 years","Coffee","773","0","9"
"18-29 years","Coffee","1764","1","52"
"30-39 years","Coffee","1400","7","91"
"40-49 years","Coffee","1297","17","175"
"50-59 years","Coffee","1172","27","246"
"60-69 years","Coffee","886","60","249"
"70-79 years","Coffee","492","70","220"
"80 & Older years","Coffee","261","58","144"
"<1 years","Coffee","89","0","11"
"01-04 years","Colquitt","185","0","1"
"05-09 years","Colquitt","352","0","4"
"10-17 years","Colquitt","1005","0","12"
"18-29 years","Colquitt","1757","1","43"
"30-39 years","Colquitt","1331","3","42"
"40-49 years","Colquitt","1253","13","58"
"50-59 years","Colquitt","1202","32","66"
"60-69 years","Colquitt","948","43","90"
"70-79 years","Colquitt","620","45","86"
"80 & Older years","Colquitt","370","61","70"
"<1 years","Colquitt","105","0","3"
"01-04 years","Columbia","508","1","9"
"05-09 years","Columbia","938","1","9"
"10-17 years","Columbia","2398","0","19"
"18-29 years","Columbia","4656","2","66"
"30-39 years","Columbia","4617","9","83"
"40-49 years","Columbia","3849","17","102"
"50-59 years","Columbia","3098","42","159"
"60-69 years","Columbia","2125","63","184"
"70-79 years","Columbia","1132","89","236"
"80 & Older years","Columbia","680","126","225"
"<1 years","Columbia","193","1","15"
"Unknown years","Columbia","3","0","0"
"01-04 years","Cook","64","0","3"
"05-09 years","Cook","87","0","0"
"10-17 years","Cook","209","0","3"
"18-29 years","Cook","422","0","14"
"30-39 years","Cook","350","0","6"
"40-49 years","Cook","323","3","20"
"50-59 years","Cook","299","7","29"
"60-69 years","Cook","220","13","29"
"70-79 years","Cook","158","16","39"
"80 & Older years","Cook","97","20","19"
"<1 years","Cook","41","0","3"
"01-04 years","Coweta","604","0","8"
"05-09 years","Coweta","967","0","10"
"10-17 years","Coweta","2489","0","29"
"18-29 years","Coweta","4870","6","175"
"30-39 years","Coweta","4113","16","207"
"40-49 years","Coweta","4142","33","255"
"50-59 years","Coweta","4556","64","383"
"60-69 years","Coweta","2893","79","365"
"70-79 years","Coweta","1797","127","388"
"80 & Older years","Coweta","821","131","269"
"<1 years","Coweta","198","0","19"
"Unknown years","Coweta","14","0","5"
"01-04 years","Crawford","18","0","0"
"05-09 years","Crawford","22","0","0"
"10-17 years","Crawford","79","0","2"
"18-29 years","Crawford","219","0","4"
"30-39 years","Crawford","205","1","11"
"40-49 years","Crawford","191","3","10"
"50-59 years","Crawford","260","15","30"
"60-69 years","Crawford","223","14","28"
"70-79 years","Crawford","126","14","28"
"80 & Older years","Crawford","60","7","21"
"<1 years","Crawford","6","0","0"
"Unknown years","Crawford","1","0","0"
"01-04 years","Crisp","54","0","0"
"05-09 years","Crisp","98","0","0"
"10-17 years","Crisp","283","0","3"
"18-29 years","Crisp","476","2","16"
"30-39 years","Crisp","447","2","20"
"40-49 years","Crisp","386","5","27"
"50-59 years","Crisp","358","5","34"
"60-69 years","Crisp","317","23","59"
"70-79 years","Crisp","150","18","40"
"80 & Older years","Crisp","77","20","19"
"<1 years","Crisp","30","0","0"
"01-04 years","Dade","58","0","0"
"05-09 years","Dade","131","0","0"
"10-17 years","Dade","285","0","1"
"18-29 years","Dade","577","0","3"
"30-39 years","Dade","414","0","4"
"40-49 years","Dade","435","1","10"
"50-59 years","Dade","407","7","27"
"60-69 years","Dade","324","2","17"
"70-79 years","Dade","212","13","30"
"80 & Older years","Dade","101","6","18"
"<1 years","Dade","26","0","0"
"Unknown years","Dade","4","0","0"
"01-04 years","Dawson","151","0","1"
"05-09 years","Dawson","217","0","2"
"10-17 years","Dawson","574","0","7"
"18-29 years","Dawson","1354","0","24"
"30-39 years","Dawson","1156","2","29"
"40-49 years","Dawson","975","4","47"
"50-59 years","Dawson","1134","11","80"
"60-69 years","Dawson","906","22","112"
"70-79 years","Dawson","574","34","93"
"80 & Older years","Dawson","277","29","63"
"<1 years","Dawson","74","0","4"
"01-04 years","DeKalb","4451","0","65"
"05-09 years","DeKalb","6520","0","49"
"10-17 years","DeKalb","12768","0","156"
"18-29 years","DeKalb","35092","19","995"
"30-39 years","DeKalb","32678","40","1273"
"40-49 years","DeKalb","25388","87","1298"
"50-59 years","DeKalb","21696","213","1700"
"60-69 years","DeKalb","14438","343","1821"
"70-79 years","DeKalb","7719","457","1485"
"80 & Older years","DeKalb","3913","578","1038"
"<1 years","DeKalb","1385","1","53"
"Unknown years","DeKalb","137","0","27"
"01-04 years","Decatur","266","0","3"
"05-09 years","Decatur","307","0","1"
"10-17 years","Decatur","646","0","2"
"18-29 years","Decatur","1144","1","25"
"30-39 years","Decatur","883","1","12"
"40-49 years","Decatur","812","3","41"
"50-59 years","Decatur","749","15","62"
"60-69 years","Decatur","573","21","71"
"70-79 years","Decatur","339","34","61"
"80 & Older years","Decatur","212","26","34"
"<1 years","Decatur","108","0","1"
"Unknown years","Decatur","3","0","0"
"01-04 years","Dodge","30","0","0"
"05-09 years","Dodge","67","0","0"
"10-17 years","Dodge","219","1","3"
"18-29 years","Dodge","482","0","9"
"30-39 years","Dodge","337","2","10"
"40-49 years","Dodge","336","3","15"
"50-59 years","Dodge","323","8","25"
"60-69 years","Dodge","235","24","38"
"70-79 years","Dodge","145","21","32"
"80 & Older years","Dodge","82","20","18"
"<1 years","Dodge","20","0","1"
"01-04 years","Dooly","36","0","0"
"05-09 years","Dooly","59","0","0"
"10-17 years","Dooly","149","0","1"
"18-29 years","Dooly","295","1","5"
"30-39 years","Dooly","232","1","14"
"40-49 years","Dooly","271","2","15"
"50-59 years","Dooly","252","6","24"
"60-69 years","Dooly","217","12","26"
"70-79 years","Dooly","103","13","28"
"80 & Older years","Dooly","43","9","9"
"<1 years","Dooly","17","0","1"
"01-04 years","Dougherty","438","0","7"
"05-09 years","Dougherty","896","0","1"
"10-17 years","Dougherty","2083","0","23"
"18-29 years","Dougherty","3018","4","199"
"30-39 years","Dougherty","2476","8","179"
"40-49 years","Dougherty","2163","37","206"
"50-59 years","Dougherty","1951","52","281"
"60-69 years","Dougherty","1584","124","393"
"70-79 years","Dougherty","869","117","284"
"80 & Older years","Dougherty","503","151","214"
"<1 years","Dougherty","189","0","12"
"Unknown years","Dougherty","36","0","0"
"01-04 years","Douglas","825","0","15"
"05-09 years","Douglas","1375","0","16"
"10-17 years","Douglas","3370","1","40"
"18-29 years","Douglas","6468","0","93"
"30-39 years","Douglas","5642","8","131"
"40-49 years","Douglas","5958","18","196"
"50-59 years","Douglas","5288","52","266"
"60-69 years","Douglas","3040","85","280"
"70-79 years","Douglas","1550","98","229"
"80 & Older years","Douglas","721","102","170"
"<1 years","Douglas","330","0","15"
"Unknown years","Douglas","11","0","0"
"01-04 years","Early","78","0","0"
"05-09 years","Early","103","0","0"
"10-17 years","Early","298","0","0"
"18-29 years","Early","365","1","15"
"30-39 years","Early","320","1","6"
"40-49 years","Early","317","2","15"
"50-59 years","Early","311","6","20"
"60-69 years","Early","229","12","24"
"70-79 years","Early","144","21","30"
"80 & Older years","Early","83","13","21"
"<1 years","Early","24","0","3"
"Unknown years","Early","2","0","0"
"01-04 years","Echols","16","0","0"
"05-09 years","Echols","11","0","0"
"10-17 years","Echols","37","0","2"
"18-29 years","Echols","150","0","2"
"30-39 years","Echols","74","1","4"
"40-49 years","Echols","67","0","1"
"50-59 years","Echols","63","1","3"
"60-69 years","Echols","41","0","2"
"70-79 years","Echols","28","2","4"
"80 & Older years","Echols","8","2","2"
"<1 years","Echols","11","0","0"
"01-04 years","Effingham","371","0","2"
"05-09 years","Effingham","615","0","3"
"10-17 years","Effingham","1325","0","3"
"18-29 years","Effingham","2032","1","21"
"30-39 years","Effingham","2094","5","55"
"40-49 years","Effingham","1780","11","84"
"50-59 years","Effingham","1549","34","129"
"60-69 years","Effingham","1074","31","158"
"70-79 years","Effingham","536","50","151"
"80 & Older years","Effingham","246","53","83"
"<1 years","Effingham","166","0","8"
"Unknown years","Effingham","5","0","0"
"01-04 years","Elbert","61","0","5"
"05-09 years","Elbert","81","0","1"
"10-17 years","Elbert","202","0","5"
"18-29 years","Elbert","522","2","15"
"30-39 years","Elbert","394","0","23"
"40-49 years","Elbert","388","1","30"
"50-59 years","Elbert","415","4","53"
"60-69 years","Elbert","371","13","76"
"70-79 years","Elbert","270","27","83"
"80 & Older years","Elbert","224","42","89"
"<1 years","Elbert","47","0","5"
"Unknown years","Elbert","2","0","0"
"01-04 years","Emanuel","94","0","6"
"05-09 years","Emanuel","138","0","3"
"10-17 years","Emanuel","385","0","3"
"18-29 years","Emanuel","694","1","12"
"30-39 years","Emanuel","577","1","28"
"40-49 years","Emanuel","546","4","32"
"50-59 years","Emanuel","477","11","54"
"60-69 years","Emanuel","372","18","58"
"70-79 years","Emanuel","234","24","62"
"80 & Older years","Emanuel","107","23","35"
"<1 years","Emanuel","22","0","2"
"Unknown years","Emanuel","4","0","1"
"01-04 years","Evans","27","0","0"
"05-09 years","Evans","77","0","1"
"10-17 years","Evans","162","0","3"
"18-29 years","Evans","335","0","8"
"30-39 years","Evans","296","0","7"
"40-49 years","Evans","243","3","25"
"50-59 years","Evans","224","6","26"
"60-69 years","Evans","152","9","38"
"70-79 years","Evans","97","19","37"
"80 & Older years","Evans","36","5","19"
"<1 years","Evans","17","0","0"
"01-04 years","Fannin","64","0","1"
"05-09 years","Fannin","103","0","0"
"10-17 years","Fannin","342","0","2"
"18-29 years","Fannin","634","0","7"
"30-39 years","Fannin","487","2","15"
"40-49 years","Fannin","574","5","24"
"50-59 years","Fannin","743","8","53"
"60-69 years","Fannin","760","30","85"
"70-79 years","Fannin","587","38","119"
"80 & Older years","Fannin","301","62","88"
"<1 years","Fannin","26","0","2"
"Unknown years","Fannin","1","0","0"
"01-04 years","Fayette","457","0","12"
"05-09 years","Fayette","824","0","9"
"10-17 years","Fayette","2164","0","19"
"18-29 years","Fayette","3616","5","82"
"30-39 years","Fayette","2863","6","105"
"40-49 years","Fayette","3600","9","144"
"50-59 years","Fayette","3673","26","242"
"60-69 years","Fayette","2861","43","251"
"70-79 years","Fayette","1677","107","327"
"80 & Older years","Fayette","943","131","300"
"<1 years","Fayette","135","0","9"
"Unknown years","Fayette","15","0","3"
"01-04 years","Floyd","632","0","11"
"05-09 years","Floyd","1000","0","4"
"10-17 years","Floyd","2751","1","20"
"18-29 years","Floyd","5199","4","77"
"30-39 years","Floyd","3996","9","99"
"40-49 years","Floyd","3667","19","181"
"50-59 years","Floyd","3655","56","293"
"60-69 years","Floyd","2759","92","389"
"70-79 years","Floyd","1718","124","384"
"80 & Older years","Floyd","997","148","303"
"<1 years","Floyd","323","1","16"
"Unknown years","Floyd","25","0","0"
"01-04 years","Forsyth","1445","0","14"
"05-09 years","Forsyth","2938","0","6"
"10-17 years","Forsyth","6676","0","25"
"18-29 years","Forsyth","8062","1","79"
"30-39 years","Forsyth","7846","6","122"
"40-49 years","Forsyth","9654","16","221"
"50-59 years","Forsyth","7901","35","294"
"60-69 years","Forsyth","4347","59","308"
"70-79 years","Forsyth","2722","128","391"
"80 & Older years","Forsyth","1574","190","350"
"<1 years","Forsyth","383","0","12"
"Unknown years","Forsyth","36","0","0"
"01-04 years","Franklin","98","0","2"
"05-09 years","Franklin","167","0","0"
"10-17 years","Franklin","433","0","6"
"18-29 years","Franklin","934","1","19"
"30-39 years","Franklin","680","0","19"
"40-49 years","Franklin","694","4","35"
"50-59 years","Franklin","691","7","50"
"60-69 years","Franklin","611","14","66"
"70-79 years","Franklin","391","32","78"
"80 & Older years","Franklin","201","30","48"
"<1 years","Franklin","67","0","7"
"Unknown years","Franklin","5","0","0"
"01-04 years","Fulton","5797","0","92"
"05-09 years","Fulton","8881","0","60"
"10-17 years","Fulton","19149","1","180"
"18-29 years","Fulton","53438","9","1152"
"30-39 years","Fulton","45094","67","1435"
"40-49 years","Fulton","34940","84","1479"
"50-59 years","Fulton","29585","243","2082"
"60-69 years","Fulton","18681","466","2092"
"70-79 years","Fulton","10090","604","1721"
"80 & Older years","Fulton","5974","879","1539"
"<1 years","Fulton","1770","1","91"
"Unknown years","Fulton","206","0","114"
"01-04 years","Gilmer","110","0","8"
"05-09 years","Gilmer","106","0","2"
"10-17 years","Gilmer","392","0","6"
"18-29 years","Gilmer","731","0","38"
"30-39 years","Gilmer","653","2","32"
"40-49 years","Gilmer","686","3","38"
"50-59 years","Gilmer","842","20","72"
"60-69 years","Gilmer","819","26","119"
"70-79 years","Gilmer","591","56","143"
"80 & Older years","Gilmer","289","55","85"
"<1 years","Gilmer","47","0","4"
"Unknown years","Gilmer","1","0","0"
"01-04 years","Glascock","2","0","0"
"05-09 years","Glascock","9","0","0"
"10-17 years","Glascock","17","0","0"
"18-29 years","Glascock","51","0","1"
"30-39 years","Glascock","42","0","3"
"40-49 years","Glascock","44","0","1"
"50-59 years","Glascock","53","2","6"
"60-69 years","Glascock","29","0","5"
"70-79 years","Glascock","38","6","13"
"80 & Older years","Glascock","11","3","6"
"<1 years","Glascock","3","0","1"
"01-04 years","Glynn","520","0","4"
"05-09 years","Glynn","929","0","1"
"10-17 years","Glynn","2120","0","3"
"18-29 years","Glynn","3752","5","46"
"30-39 years","Glynn","3175","11","52"
"40-49 years","Glynn","2712","19","76"
"50-59 years","Glynn","2532","47","130"
"60-69 years","Glynn","2247","89","202"
"70-79 years","Glynn","1419","97","174"
"80 & Older years","Glynn","737","123","161"
"<1 years","Glynn","177","0","7"
"Unknown years","Glynn","27","0","0"
"01-04 years","Gordon","345","0","3"
"05-09 years","Gordon","412","1","2"
"10-17 years","Gordon","1304","0","8"
"18-29 years","Gordon","2716","3","24"
"30-39 years","Gordon","2144","4","37"
"40-49 years","Gordon","2077","12","58"
"50-59 years","Gordon","1950","31","91"
"60-69 years","Gordon","1321","71","114"
"70-79 years","Gordon","772","74","135"
"80 & Older years","Gordon","407","60","82"
"<1 years","Gordon","166","0","5"
"Unknown years","Gordon","23","0","0"
"01-04 years","Grady","160","0","1"
"05-09 years","Grady","260","0","1"
"10-17 years","Grady","518","0","5"
"18-29 years","Grady","667","0","19"
"30-39 years","Grady","562","1","20"
"40-49 years","Grady","527","3","39"
"50-59 years","Grady","520","13","54"
"60-69 years","Grady","380","12","49"
"70-79 years","Grady","310","30","77"
"80 & Older years","Grady","131","22","44"
"<1 years","Grady","112","0","4"
"Unknown years","Grady","2","0","0"
"01-04 years","Greene","67","0","2"
"05-09 years","Greene","111","0","1"
"10-17 years","Greene","315","0","8"
"18-29 years","Greene","558","0","18"
"30-39 years","Greene","477","0","21"
"40-49 years","Greene","407","5","34"
"50-59 years","Greene","549","7","46"
"60-69 years","Greene","574","13","53"
"70-79 years","Greene","499","19","94"
"80 & Older years","Greene","241","37","85"
"<1 years","Greene","33","0","7"
"Unknown years","Greene","1","0","0"
"01-04 years","Gwinnett","5244","0","48"
"05-09 years","Gwinnett","8253","0","47"
"10-17 years","Gwinnett","20182","3","122"
"18-29 years","Gwinnett","43853","22","813"
"30-39 years","Gwinnett","35919","43","870"
"40-49 years","Gwinnett","36048","120","1186"
"50-59 years","Gwinnett","30746","222","1438"
"60-69 years","Gwinnett","18373","373","1469"
"70-79 years","Gwinnett","8666","488","1321"
"80 & Older years","Gwinnett","4416","675","1148"
"<1 years","Gwinnett","2125","1","57"
"Unknown years","Gwinnett","129","0","10"
"01-04 years","Habersham","180","0","4"
"05-09 years","Habersham","228","0","0"
"10-17 years","Habersham","678","1","10"
"18-29 years","Habersham","1749","1","32"
"30-39 years","Habersham","1342","6","51"
"40-49 years","Habersham","1310","8","74"
"50-59 years","Habersham","1458","15","112"
"60-69 years","Habersham","1184","42","185"
"70-79 years","Habersham","832","83","189"
"80 & Older years","Habersham","507","106","147"
"<1 years","Habersham","88","0","11"
"Unknown years","Habersham","7","0","1"
"01-04 years","Hall","885","0","22"
"05-09 years","Hall","1441","0","17"
"10-17 years","Hall","4550","0","50"
"18-29 years","Hall","11501","10","265"
"30-39 years","Hall","8114","12","324"
"40-49 years","Hall","7946","41","452"
"50-59 years","Hall","8279","76","660"
"60-69 years","Hall","5931","149","701"
"70-79 years","Hall","4039","229","815"
"80 & Older years","Hall","2272","346","697"
"<1 years","Hall","452","1","39"
"Unknown years","Hall","77","0","10"
"01-04 years","Hancock","27","0","0"
"05-09 years","Hancock","44","0","0"
"10-17 years","Hancock","108","0","2"
"18-29 years","Hancock","265","0","3"
"30-39 years","Hancock","263","2","8"
"40-49 years","Hancock","189","2","8"
"50-59 years","Hancock","246","7","22"
"60-69 years","Hancock","246","22","43"
"70-79 years","Hancock","136","24","31"
"80 & Older years","Hancock","87","26","29"
"<1 years","Hancock","11","0","0"
"01-04 years","Haralson","73","0","0"
"05-09 years","Haralson","128","0","0"
"10-17 years","Haralson","369","0","3"
"18-29 years","Haralson","767","2","6"
"30-39 years","Haralson","549","0","8"
"40-49 years","Haralson","575","3","12"
"50-59 years","Haralson","646","7","23"
"60-69 years","Haralson","385","19","31"
"70-79 years","Haralson","238","24","28"
"80 & Older years","Haralson","110","16","19"
"<1 years","Haralson","34","0","1"
"Unknown years","Haralson","3","0","0"
"01-04 years","Harris","121","0","1"
"05-09 years","Harris","199","0","0"
"10-17 years","Harris","547","0","7"
"18-29 years","Harris","910","0","22"
"30-39 years","Harris","800","0","25"
"40-49 years","Harris","894","5","45"
"50-59 years","Harris","994","12","70"
"60-69 years","Harris","755","23","101"
"70-79 years","Harris","479","47","101"
"80 & Older years","Harris","164","23","43"
"<1 years","Harris","28","0","1"
"Unknown years","Harris","2","0","0"
"01-04 years","Hart","72","0","0"
"05-09 years","Hart","97","0","2"
"10-17 years","Hart","307","0","0"
"18-29 years","Hart","648","0","11"
"30-39 years","Hart","534","0","17"
"40-49 years","Hart","473","4","27"
"50-59 years","Hart","593","4","43"
"60-69 years","Hart","429","21","54"
"70-79 years","Hart","301","15","53"
"80 & Older years","Hart","183","27","47"
"<1 years","Hart","39","0","0"
"01-04 years","Heard","30","0","2"
"05-09 years","Heard","78","0","0"
"10-17 years","Heard","173","0","3"
"18-29 years","Heard","314","2","8"
"30-39 years","Heard","221","1","3"
"40-49 years","Heard","273","2","20"
"50-59 years","Heard","286","3","22"
"60-69 years","Heard","212","8","26"
"70-79 years","Heard","108","11","26"
"80 & Older years","Heard","55","10","12"
"<1 years","Heard","17","0","1"
"01-04 years","Henry","1329","0","35"
"05-09 years","Henry","2145","0","17"
"10-17 years","Henry","5533","1","74"
"18-29 years","Henry","10522","4","293"
"30-39 years","Henry","9032","15","315"
"40-49 years","Henry","9747","46","418"
"50-59 years","Henry","9019","75","535"
"60-69 years","Henry","5146","164","582"
"70-79 years","Henry","2537","182","457"
"80 & Older years","Henry","1185","199","373"
"<1 years","Henry","472","0","27"
"Unknown years","Henry","27","0","3"
"01-04 years","Houston","642","0","10"
"05-09 years","Houston","1067","0","5"
"10-17 years","Houston","2773","0","17"
"18-29 years","Houston","5833","8","89"
"30-39 years","Houston","5350","7","125"
"40-49 years","Houston","4547","22","182"
"50-59 years","Houston","3827","43","230"
"60-69 years","Houston","2612","82","294"
"70-79 years","Houston","1404","102","272"
"80 & Older years","Houston","732","96","185"
"<1 years","Houston","205","1","10"
"Unknown years","Houston","4","0","0"
"01-04 years","Irwin","11","0","0"
"05-09 years","Irwin","25","0","0"
"10-17 years","Irwin","79","0","1"
"18-29 years","Irwin","219","0","8"
"30-39 years","Irwin","187","0","11"
"40-49 years","Irwin","192","1","11"
"50-59 years","Irwin","158","5","18"
"60-69 years","Irwin","131","3","29"
"70-79 years","Irwin","74","8","12"
"80 & Older years","Irwin","51","10","35"
"<1 years","Irwin","5","0","1"
"Unknown years","Irwin","2","0","0"
"01-04 years","Jackson","399","0","10"
"05-09 years","Jackson","730","0","2"
"10-17 years","Jackson","2194","1","18"
"18-29 years","Jackson","3469","5","89"
"30-39 years","Jackson","3443","8","100"
"40-49 years","Jackson","3386","15","145"
"50-59 years","Jackson","3209","33","196"
"60-69 years","Jackson","2211","56","227"
"70-79 years","Jackson","1559","84","268"
"80 & Older years","Jackson","766","91","198"
"<1 years","Jackson","169","0","14"
"Unknown years","Jackson","9","0","1"
"01-04 years","Jasper","49","0","2"
"05-09 years","Jasper","66","0","2"
"10-17 years","Jasper","143","0","6"
"18-29 years","Jasper","362","0","16"
"30-39 years","Jasper","302","2","16"
"40-49 years","Jasper","278","1","17"
"50-59 years","Jasper","334","8","39"
"60-69 years","Jasper","269","17","59"
"70-79 years","Jasper","130","10","31"
"80 & Older years","Jasper","69","9","28"
"<1 years","Jasper","32","0","10"
"01-04 years","Jeff Davis","56","0","0"
"05-09 years","Jeff Davis","114","0","0"
"10-17 years","Jeff Davis","252","0","2"
"18-29 years","Jeff Davis","490","0","7"
"30-39 years","Jeff Davis","390","0","14"
"40-49 years","Jeff Davis","355","1","21"
"50-59 years","Jeff Davis","343","11","33"
"60-69 years","Jeff Davis","206","10","31"
"70-79 years","Jeff Davis","155","17","29"
"80 & Older years","Jeff Davis","40","10","13"
"<1 years","Jeff Davis","22","0","4"
"01-04 years","Jefferson","43","0","3"
"05-09 years","Jefferson","66","0","0"
"10-17 years","Jefferson","165","0","2"
"18-29 years","Jefferson","375","0","5"
"30-39 years","Jefferson","335","1","15"
"40-49 years","Jefferson","330","5","27"
"50-59 years","Jefferson","399","11","39"
"60-69 years","Jefferson","344","16","61"
"70-79 years","Jefferson","221","29","61"
"80 & Older years","Jefferson","104","25","42"
"<1 years","Jefferson","12","0","3"
"Unknown years","Jefferson","1","0","0"
"01-04 years","Jenkins","33","0","3"
"05-09 years","Jenkins","40","0","0"
"10-17 years","Jenkins","100","0","1"
"18-29 years","Jenkins","193","0","3"
"30-39 years","Jenkins","137","2","6"
"40-49 years","Jenkins","176","3","14"
"50-59 years","Jenkins","193","7","30"
"60-69 years","Jenkins","130","7","18"
"70-79 years","Jenkins","86","16","25"
"80 & Older years","Jenkins","55","10","16"
"<1 years","Jenkins","6","0","0"
"01-04 years","Johnson","35","0","1"
"05-09 years","Johnson","41","0","0"
"10-17 years","Johnson","107","0","1"
"18-29 years","Johnson","276","0","7"
"30-39 years","Johnson","229","1","6"
"40-49 years","Johnson","238","3","10"
"50-59 years","Johnson","229","10","19"
"60-69 years","Johnson","222","10","28"
"70-79 years","Johnson","149","14","37"
"80 & Older years","Johnson","99","28","28"
"<1 years","Johnson","25","0","3"
"01-04 years","Jones","53","0","1"
"05-09 years","Jones","101","0","0"
"10-17 years","Jones","286","0","3"
"18-29 years","Jones","834","3","22"
"30-39 years","Jones","682","3","19"
"40-49 years","Jones","658","6","36"
"50-59 years","Jones","704","10","66"
"60-69 years","Jones","490","21","86"
"70-79 years","Jones","321","38","89"
"80 & Older years","Jones","168","30","48"
"<1 years","Jones","21","0","1"
"Unknown years","Jones","1","0","0"
"01-04 years","Lamar","134","0","0"
"05-09 years","Lamar","205","0","0"
"10-17 years","Lamar","430","0","5"
"18-29 years","Lamar","643","0","21"
"30-39 years","Lamar","539","2","20"
"40-49 years","Lamar","477","6","27"
"50-59 years","Lamar","470","13","54"
"60-69 years","Lamar","409","27","59"
"70-79 years","Lamar","287","31","59"
"80 & Older years","Lamar","120","32","38"
"<1 years","Lamar","84","0","1"
"Unknown years","Lamar","1","0","1"
"01-04 years","Lanier","23","0","0"
"05-09 years","Lanier","34","0","1"
"10-17 years","Lanier","122","0","1"
"18-29 years","Lanier","257","2","5"
"30-39 years","Lanier","252","0","3"
"40-49 years","Lanier","200","2","6"
"50-59 years","Lanier","157","4","11"
"60-69 years","Lanier","96","4","8"
"70-79 years","Lanier","83","7","11"
"80 & Older years","Lanier","40","3","7"
"<1 years","Lanier","25","0","0"
"Unknown years","Lanier","1","0","0"
"01-04 years","Laurens","252","0","2"
"05-09 years","Laurens","420","0","3"
"10-17 years","Laurens","1003","0","8"
"18-29 years","Laurens","1835","0","17"
"30-39 years","Laurens","1487","5","25"
"40-49 years","Laurens","1356","12","46"
"50-59 years","Laurens","1212","32","88"
"60-69 years","Laurens","975","61","118"
"70-79 years","Laurens","638","74","111"
"80 & Older years","Laurens","381","81","78"
"<1 years","Laurens","105","0","7"
"Unknown years","Laurens","3","0","0"
"01-04 years","Lee","95","0","0"
"05-09 years","Lee","141","0","4"
"10-17 years","Lee","424","0","7"
"18-29 years","Lee","732","1","35"
"30-39 years","Lee","810","1","43"
"40-49 years","Lee","736","10","56"
"50-59 years","Lee","623","18","95"
"60-69 years","Lee","397","26","85"
"70-79 years","Lee","186","21","55"
"80 & Older years","Lee","105","20","41"
"<1 years","Lee","44","0","0"
"Unknown years","Lee","5","0","0"
"01-04 years","Liberty","665","0","5"
"05-09 years","Liberty","843","0","5"
"10-17 years","Liberty","1429","0","6"
"18-29 years","Liberty","4140","2","36"
"30-39 years","Liberty","2397","4","45"
"40-49 years","Liberty","1436","5","38"
"50-59 years","Liberty","1202","24","86"
"60-69 years","Liberty","811","32","100"
"70-79 years","Liberty","349","29","98"
"80 & Older years","Liberty","127","23","46"
"<1 years","Liberty","222","0","6"
"Unknown years","Liberty","16","0","0"
"01-04 years","Lincoln","20","0","0"
"05-09 years","Lincoln","24","0","1"
"10-17 years","Lincoln","76","0","0"
"18-29 years","Lincoln","152","0","5"
"30-39 years","Lincoln","138","1","6"
"40-49 years","Lincoln","134","1","11"
"50-59 years","Lincoln","140","3","8"
"60-69 years","Lincoln","118","8","25"
"70-79 years","Lincoln","89","10","26"
"80 & Older years","Lincoln","34","10","14"
"<1 years","Lincoln","7","0","2"
"Unknown years","Lincoln","1","0","0"
"01-04 years","Long","129","0","2"
"05-09 years","Long","169","0","0"
"10-17 years","Long","351","1","1"
"18-29 years","Long","581","0","5"
"30-39 years","Long","536","2","12"
"40-49 years","Long","364","4","23"
"50-59 years","Long","256","4","22"
"60-69 years","Long","186","5","21"
"70-79 years","Long","87","8","22"
"80 & Older years","Long","39","3","13"
"<1 years","Long","60","0","2"
"Unknown years","Long","1","0","0"
"01-04 years","Lowndes","532","0","1"
"05-09 years","Lowndes","605","0","1"
"10-17 years","Lowndes","1395","0","12"
"18-29 years","Lowndes","5013","6","53"
"30-39 years","Lowndes","3119","8","55"
"40-49 years","Lowndes","2261","16","84"
"50-59 years","Lowndes","1966","31","121"
"60-69 years","Lowndes","1480","66","166"
"70-79 years","Lowndes","926","86","154"
"80 & Older years","Lowndes","514","96","113"
"<1 years","Lowndes","277","0","5"
"Unknown years","Lowndes","5","0","0"
"01-04 years","Lumpkin","134","0","2"
"05-09 years","Lumpkin","218","0","2"
"10-17 years","Lumpkin","564","0","4"
"18-29 years","Lumpkin","1873","0","26"
"30-39 years","Lumpkin","1068","2","28"
"40-49 years","Lumpkin","1012","1","45"
"50-59 years","Lumpkin","1110","14","96"
"60-69 years","Lumpkin","1035","24","117"
"70-79 years","Lumpkin","720","26","141"
"80 & Older years","Lumpkin","355","50","123"
"<1 years","Lumpkin","79","0","5"
"Unknown years","Lumpkin","4","0","1"
"01-04 years","Macon","29","0","0"
"05-09 years","Macon","32","0","0"
"10-17 years","Macon","69","0","0"
"18-29 years","Macon","271","0","7"
"30-39 years","Macon","230","1","8"
"40-49 years","Macon","227","4","10"
"50-59 years","Macon","232","6","28"
"60-69 years","Macon","166","13","37"
"70-79 years","Macon","104","12","28"
"80 & Older years","Macon","34","10","12"
"<1 years","Macon","10","0","1"
"Unknown years","Macon","1","0","1"
"01-04 years","Madison","184","0","8"
"05-09 years","Madison","243","0","1"
"10-17 years","Madison","636","0","7"
"18-29 years","Madison","1262","0","54"
"30-39 years","Madison","1021","1","58"
"40-49 years","Madison","942","2","57"
"50-59 years","Madison","991","18","85"
"60-69 years","Madison","705","25","112"
"70-79 years","Madison","466","31","122"
"80 & Older years","Madison","199","30","75"
"<1 years","Madison","106","0","12"
"Unknown years","Madison","1","0","0"
"01-04 years","Marion","23","0","0"
"05-09 years","Marion","36","0","1"
"10-17 years","Marion","119","0","0"
"18-29 years","Marion","181","0","7"
"30-39 years","Marion","154","0","7"
"40-49 years","Marion","151","3","10"
"50-59 years","Marion","147","7","20"
"60-69 years","Marion","130","13","24"
"70-79 years","Marion","73","8","23"
"80 & Older years","Marion","57","14","24"
"<1 years","Marion","11","0","1"
"01-04 years","McDuffie","72","0","2"
"05-09 years","McDuffie","97","0","0"
"10-17 years","McDuffie","257","0","2"
"18-29 years","McDuffie","692","0","17"
"30-39 years","McDuffie","522","2","14"
"40-49 years","McDuffie","487","3","28"
"50-59 years","McDuffie","457","13","54"
"60-69 years","McDuffie","343","19","73"
"70-79 years","McDuffie","229","27","80"
"80 & Older years","McDuffie","104","23","43"
"<1 years","McDuffie","26","0","4"
"Unknown years","McDuffie","1","0","0"
"01-04 years","McIntosh","55","0","1"
"05-09 years","McIntosh","78","0","1"
"10-17 years","McIntosh","239","0","0"
"18-29 years","McIntosh","360","0","5"
"30-39 years","McIntosh","296","0","4"
"40-49 years","McIntosh","293","0","8"
"50-59 years","McIntosh","355","5","15"
"60-69 years","McIntosh","289","9","36"
"70-79 years","McIntosh","181","9","29"
"80 & Older years","McIntosh","71","12","16"
"<1 years","McIntosh","12","0","0"
"Unknown years","McIntosh","3","0","0"
"01-04 years","Meriwether","105","0","4"
"05-09 years","Meriwether","120","0","1"
"10-17 years","Meriwether","266","1","3"
"18-29 years","Meriwether","665","0","22"
"30-39 years","Meriwether","492","3","33"
"40-49 years","Meriwether","577","5","45"
"50-59 years","Meriwether","581","13","65"
"60-69 years","Meriwether","560","26","83"
"70-79 years","Meriwether","395","42","84"
"80 & Older years","Meriwether","186","43","52"
"<1 years","Meriwether","53","0","6"
"Unknown years","Meriwether","2","0","1"
"01-04 years","Miller","46","0","0"
"05-09 years","Miller","63","0","0"
"10-17 years","Miller","199","0","1"
"18-29 years","Miller","218","1","2"
"30-39 years","Miller","201","0","2"
"40-49 years","Miller","179","1","7"
"50-59 years","Miller","225","4","21"
"60-69 years","Miller","163","3","18"
"70-79 years","Miller","76","5","9"
"80 & Older years","Miller","59","4","10"
"<1 years","Miller","8","0","0"
"Unknown years","Miller","1","0","0"
"01-04 years","Mitchell","84","0","2"
"05-09 years","Mitchell","121","0","0"
"10-17 years","Mitchell","286","0","8"
"18-29 years","Mitchell","598","1","22"
"30-39 years","Mitchell","535","1","25"
"40-49 years","Mitchell","478","7","32"
"50-59 years","Mitchell","500","15","75"
"60-69 years","Mitchell","391","22","72"
"70-79 years","Mitchell","236","28","74"
"80 & Older years","Mitchell","152","33","46"
"<1 years","Mitchell","35","0","3"
"Unknown years","Mitchell","1","0","0"
"01-04 years","Monroe","55","1","4"
"05-09 years","Monroe","86","0","1"
"10-17 years","Monroe","275","0","1"
"18-29 years","Monroe","785","2","12"
"30-39 years","Monroe","692","0","15"
"40-49 years","Monroe","750","9","35"
"50-59 years","Monroe","741","11","50"
"60-69 years","Monroe","627","32","90"
"70-79 years","Monroe","367","38","76"
"80 & Older years","Monroe","198","50","60"
"<1 years","Monroe","26","0","2"
"01-04 years","Montgomery","22","0","0"
"05-09 years","Montgomery","29","0","0"
"10-17 years","Montgomery","132","0","1"
"18-29 years","Montgomery","322","1","3"
"30-39 years","Montgomery","253","2","6"
"40-49 years","Montgomery","225","1","5"
"50-59 years","Montgomery","214","6","17"
"60-69 years","Montgomery","191","9","18"
"70-79 years","Montgomery","123","18","21"
"80 & Older years","Montgomery","54","14","11"
"<1 years","Montgomery","14","0","0"
"01-04 years","Morgan","92","0","2"
"05-09 years","Morgan","117","0","2"
"10-17 years","Morgan","262","0","2"
"18-29 years","Morgan","586","1","23"
"30-39 years","Morgan","511","1","18"
"40-49 years","Morgan","500","1","16"
"50-59 years","Morgan","539","8","36"
"60-69 years","Morgan","386","10","45"
"70-79 years","Morgan","298","11","57"
"80 & Older years","Morgan","183","31","66"
"<1 years","Morgan","54","0","3"
"Unknown years","Morgan","2","0","0"
"01-04 years","Murray","252","0","4"
"05-09 years","Murray","364","0","3"
"10-17 years","Murray","1080","0","2"
"18-29 years","Murray","2132","0","22"
"30-39 years","Murray","1573","4","20"
"40-49 years","Murray","1597","10","48"
"50-59 years","Murray","1437","22","93"
"60-69 years","Murray","1004","40","111"
"70-79 years","Murray","640","65","111"
"80 & Older years","Murray","266","43","57"
"<1 years","Murray","130","0","3"
"01-04 years","Muscogee","850","0","13"
"05-09 years","Muscogee","1457","0","5"
"10-17 years","Muscogee","3378","0","39"
"18-29 years","Muscogee","8080","15","247"
"30-39 years","Muscogee","6378","11","272"
"40-49 years","Muscogee","5076","28","335"
"50-59 years","Muscogee","4822","105","525"
"60-69 years","Muscogee","3794","185","664"
"70-79 years","Muscogee","2067","189","519"
"80 & Older years","Muscogee","1181","262","431"
"<1 years","Muscogee","296","0","15"
"Unknown years","Muscogee","17","0","3"
"01-04 years","Newton","489","0","57"
"05-09 years","Newton","957","0","34"
"10-17 years","Newton","2057","0","116"
"18-29 years","Newton","4276","2","375"
"30-39 years","Newton","3630","10","352"
"40-49 years","Newton","3757","24","374"
"50-59 years","Newton","3476","60","449"
"60-69 years","Newton","2060","89","427"
"70-79 years","Newton","1250","114","413"
"80 & Older years","Newton","671","138","278"
"<1 years","Newton","189","0","46"
"Unknown years","Newton","7","0","2"
"01-04 years","Non-GA Resident/Unknown State","1483","0","30"
"05-09 years","Non-GA Resident/Unknown State","2124","0","19"
"10-17 years","Non-GA Resident/Unknown State","4882","0","40"
"18-29 years","Non-GA Resident/Unknown State","15701","10","333"
"30-39 years","Non-GA Resident/Unknown State","12476","22","350"
"40-49 years","Non-GA Resident/Unknown State","11324","51","415"
"50-59 years","Non-GA Resident/Unknown State","10834","140","648"
"60-69 years","Non-GA Resident/Unknown State","8068","272","837"
"70-79 years","Non-GA Resident/Unknown State","5173","296","838"
"80 & Older years","Non-GA Resident/Unknown State","2673","276","611"
"<1 years","Non-GA Resident/Unknown State","874","0","40"
"Unknown years","Non-GA Resident/Unknown State","1563","0","188"
"01-04 years","Oconee","195","0","2"
"05-09 years","Oconee","348","0","1"
"10-17 years","Oconee","946","0","7"
"18-29 years","Oconee","1283","0","21"
"30-39 years","Oconee","1057","1","20"
"40-49 years","Oconee","1395","3","43"
"50-59 years","Oconee","1201","7","42"
"60-69 years","Oconee","870","16","71"
"70-79 years","Oconee","546","25","69"
"80 & Older years","Oconee","318","50","97"
"<1 years","Oconee","54","0","3"
"Unknown years","Oconee","1","0","0"
"01-04 years","Oglethorpe","68","0","2"
"05-09 years","Oglethorpe","110","0","1"
"10-17 years","Oglethorpe","255","0","6"
"18-29 years","Oglethorpe","492","0","24"
"30-39 years","Oglethorpe","370","2","17"
"40-49 years","Oglethorpe","386","5","32"
"50-59 years","Oglethorpe","390","1","46"
"60-69 years","Oglethorpe","318","9","55"
"70-79 years","Oglethorpe","226","21","47"
"80 & Older years","Oglethorpe","119","21","46"
"<1 years","Oglethorpe","41","0","2"
"Unknown years","Oglethorpe","1","0","0"
"01-04 years","Paulding","865","0","14"
"05-09 years","Paulding","1363","0","1"
"10-17 years","Paulding","3205","0","21"
"18-29 years","Paulding","5848","1","55"
"30-39 years","Paulding","5393","9","68"
"40-49 years","Paulding","5208","17","95"
"50-59 years","Paulding","4741","42","157"
"60-69 years","Paulding","2639","78","160"
"70-79 years","Paulding","1450","91","156"
"80 & Older years","Paulding","784","115","123"
"<1 years","Paulding","373","0","6"
"Unknown years","Paulding","25","0","0"
"01-04 years","Peach","91","0","2"
"05-09 years","Peach","107","0","0"
"10-17 years","Peach","277","0","3"
"18-29 years","Peach","947","1","20"
"30-39 years","Peach","742","4","23"
"40-49 years","Peach","619","9","40"
"50-59 years","Peach","673","15","65"
"60-69 years","Peach","596","29","89"
"70-79 years","Peach","329","30","79"
"80 & Older years","Peach","150","26","55"
"<1 years","Peach","26","0","0"
"01-04 years","Pickens","92","0","9"
"05-09 years","Pickens","127","0","4"
"10-17 years","Pickens","359","0","6"
"18-29 years","Pickens","968","1","29"
"30-39 years","Pickens","801","5","46"
"40-49 years","Pickens","809","4","57"
"50-59 years","Pickens","994","15","81"
"60-69 years","Pickens","875","30","136"
"70-79 years","Pickens","646","45","144"
"80 & Older years","Pickens","298","47","91"
"<1 years","Pickens","54","0","7"
"Unknown years","Pickens","1","0","0"
"01-04 years","Pierce","71","0","0"
"05-09 years","Pierce","102","0","1"
"10-17 years","Pierce","287","2","2"
"18-29 years","Pierce","517","0","13"
"30-39 years","Pierce","410","4","18"
"40-49 years","Pierce","449","6","39"
"50-59 years","Pierce","428","17","51"
"60-69 years","Pierce","337","24","81"
"70-79 years","Pierce","228","29","80"
"80 & Older years","Pierce","106","28","39"
"<1 years","Pierce","38","0","2"
"01-04 years","Pike","104","0","0"
"05-09 years","Pike","131","0","0"
"10-17 years","Pike","321","0","1"
"18-29 years","Pike","460","2","14"
"30-39 years","Pike","468","2","13"
"40-49 years","Pike","482","4","23"
"50-59 years","Pike","443","15","39"
"60-69 years","Pike","321","20","53"
"70-79 years","Pike","212","20","57"
"80 & Older years","Pike","98","18","31"
"<1 years","Pike","40","0","0"
"Unknown years","Pike","2","0","0"
"01-04 years","Polk","249","0","3"
"05-09 years","Polk","355","0","4"
"10-17 years","Polk","1035","0","9"
"18-29 years","Polk","2162","0","37"
"30-39 years","Polk","1649","2","44"
"40-49 years","Polk","1501","8","77"
"50-59 years","Polk","1463","28","150"
"60-69 years","Polk","1041","40","170"
"70-79 years","Polk","717","55","176"
"80 & Older years","Polk","327","46","97"
"<1 years","Polk","166","0","6"
"Unknown years","Polk","7","0","1"
"01-04 years","Pulaski","38","0","0"
"05-09 years","Pulaski","51","0","0"
"10-17 years","Pulaski","128","0","1"
"18-29 years","Pulaski","240","0","4"
"30-39 years","Pulaski","222","1","4"
"40-49 years","Pulaski","194","0","11"
"50-59 years","Pulaski","206","5","13"
"60-69 years","Pulaski","165","14","20"
"70-79 years","Pulaski","82","14","22"
"80 & Older years","Pulaski","62","16","9"
"<1 years","Pulaski","16","0","0"
"Unknown years","Pulaski","25","0","0"
"01-04 years","Putnam","75","0","0"
"05-09 years","Putnam","127","0","1"
"10-17 years","Putnam","329","0","3"
"18-29 years","Putnam","675","0","11"
"30-39 years","Putnam","598","3","23"
"40-49 years","Putnam","515","4","26"
"50-59 years","Putnam","674","6","52"
"60-69 years","Putnam","608","29","70"
"70-79 years","Putnam","469","36","107"
"80 & Older years","Putnam","208","29","58"
"<1 years","Putnam","29","0","1"
"01-04 years","Quitman","15","0","0"
"05-09 years","Quitman","20","0","0"
"10-17 years","Quitman","28","0","0"
"18-29 years","Quitman","39","0","2"
"30-39 years","Quitman","33","0","2"
"40-49 years","Quitman","18","0","1"
"50-59 years","Quitman","43","0","4"
"60-69 years","Quitman","49","1","7"
"70-79 years","Quitman","16","1","3"
"80 & Older years","Quitman","13","1","5"
"<1 years","Quitman","9","0","1"
"01-04 years","Rabun","58","0","0"
"05-09 years","Rabun","99","0","0"
"10-17 years","Rabun","280","0","3"
"18-29 years","Rabun","429","2","10"
"30-39 years","Rabun","352","2","16"
"40-49 years","Rabun","391","3","26"
"50-59 years","Rabun","468","9","52"
"60-69 years","Rabun","485","15","59"
"70-79 years","Rabun","387","29","82"
"80 & Older years","Rabun","158","26","55"
"<1 years","Rabun","29","0","1"
"Unknown years","Rabun","1","0","0"
"01-04 years","Randolph","19","0","1"
"05-09 years","Randolph","44","0","0"
"10-17 years","Randolph","96","0","3"
"18-29 years","Randolph","146","1","7"
"30-39 years","Randolph","126","2","10"
"40-49 years","Randolph","95","0","9"
"50-59 years","Randolph","146","7","32"
"60-69 years","Randolph","115","10","24"
"70-79 years","Randolph","82","7","23"
"80 & Older years","Randolph","60","15","18"
"<1 years","Randolph","5","0","0"
"01-04 years","Richmond","927","0","24"
"05-09 years","Richmond","1520","1","22"
"10-17 years","Richmond","3451","0","54"
"18-29 years","Richmond","10299","16","167"
"30-39 years","Richmond","7724","17","231"
"40-49 years","Richmond","5683","36","269"
"50-59 years","Richmond","5180","78","475"
"60-69 years","Richmond","4120","178","599"
"70-79 years","Richmond","2236","209","607"
"80 & Older years","Richmond","1241","245","473"
"<1 years","Richmond","363","0","25"
"Unknown years","Richmond","23","0","0"
"01-04 years","Rockdale","415","0","47"
"05-09 years","Rockdale","687","0","38"
"10-17 years","Rockdale","1698","0","102"
"18-29 years","Rockdale","3508","5","319"
"30-39 years","Rockdale","3020","5","328"
"40-49 years","Rockdale","3077","12","326"
"50-59 years","Rockdale","3130","33","411"
"60-69 years","Rockdale","1978","71","371"
"70-79 years","Rockdale","1143","90","345"
"80 & Older years","Rockdale","611","98","278"
"<1 years","Rockdale","124","0","21"
"Unknown years","Rockdale","8","0","6"
"01-04 years","Schley","15","0","0"
"05-09 years","Schley","21","0","0"
"10-17 years","Schley","68","0","0"
"18-29 years","Schley","95","0","3"
"30-39 years","Schley","80","0","1"
"40-49 years","Schley","91","0","5"
"50-59 years","Schley","89","2","9"
"60-69 years","Schley","60","1","11"
"70-79 years","Schley","51","6","9"
"80 & Older years","Schley","13","2","3"
"<1 years","Schley","5","0","0"
"01-04 years","Screven","40","0","2"
"05-09 years","Screven","83","0","0"
"10-17 years","Screven","229","0","2"
"18-29 years","Screven","338","0","10"
"30-39 years","Screven","314","1","7"
"40-49 years","Screven","259","5","14"
"50-59 years","Screven","276","6","25"
"60-69 years","Screven","253","8","27"
"70-79 years","Screven","152","10","28"
"80 & Older years","Screven","82","11","21"
"<1 years","Screven","24","0","1"
"01-04 years","Seminole","48","0","0"
"05-09 years","Seminole","63","0","0"
"10-17 years","Seminole","191","0","2"
"18-29 years","Seminole","309","0","5"
"30-39 years","Seminole","257","1","8"
"40-49 years","Seminole","226","0","11"
"50-59 years","Seminole","253","5","14"
"60-69 years","Seminole","256","9","40"
"70-79 years","Seminole","176","9","32"
"80 & Older years","Seminole","82","9","31"
"<1 years","Seminole","24","0","1"
"Unknown years","Seminole","1","0","0"
"01-04 years","Spalding","321","0","3"
"05-09 years","Spalding","401","0","1"
"10-17 years","Spalding","926","0","10"
"18-29 years","Spalding","2222","4","72"
"30-39 years","Spalding","1923","7","74"
"40-49 years","Spalding","1729","18","104"
"50-59 years","Spalding","1691","42","157"
"60-69 years","Spalding","1345","97","214"
"70-79 years","Spalding","878","107","191"
"80 & Older years","Spalding","491","105","137"
"<1 years","Spalding","139","0","8"
"Unknown years","Spalding","12","0","3"
"01-04 years","Stephens","113","0","3"
"05-09 years","Stephens","171","0","1"
"10-17 years","Stephens","554","0","3"
"18-29 years","Stephens","1186","1","30"
"30-39 years","Stephens","815","0","18"
"40-49 years","Stephens","937","1","36"
"50-59 years","Stephens","1007","18","76"
"60-69 years","Stephens","927","36","114"
"70-79 years","Stephens","641","48","129"
"80 & Older years","Stephens","337","44","79"
"<1 years","Stephens","55","0","3"
"Unknown years","Stephens","2","0","0"
"01-04 years","Stewart","12","0","1"
"05-09 years","Stewart","24","0","0"
"10-17 years","Stewart","61","0","0"
"18-29 years","Stewart","925","0","25"
"30-39 years","Stewart","742","1","29"
"40-49 years","Stewart","453","3","25"
"50-59 years","Stewart","239","3","22"
"60-69 years","Stewart","117","16","36"
"70-79 years","Stewart","48","4","12"
"80 & Older years","Stewart","40","6","15"
"<1 years","Stewart","5","0","0"
"Unknown years","Stewart","9","0","0"
"01-04 years","Sumter","100","0","2"
"05-09 years","Sumter","147","0","0"
"10-17 years","Sumter","312","0","11"
"18-29 years","Sumter","823","2","32"
"30-39 years","Sumter","653","2","46"
"40-49 years","Sumter","592","12","52"
"50-59 years","Sumter","629","15","82"
"60-69 years","Sumter","505","36","106"
"70-79 years","Sumter","317","43","96"
"80 & Older years","Sumter","223","55","93"
"<1 years","Sumter","65","0","5"
"01-04 years","Talbot","33","0","1"
"05-09 years","Talbot","41","0","0"
"10-17 years","Talbot","88","0","1"
"18-29 years","Talbot","180","0","6"
"30-39 years","Talbot","133","0","4"
"40-49 years","Talbot","145","3","8"
"50-59 years","Talbot","170","6","19"
"60-69 years","Talbot","150","9","33"
"70-79 years","Talbot","84","8","14"
"80 & Older years","Talbot","47","7","17"
"<1 years","Talbot","9","0","0"
"01-04 years","Taliaferro","3","0","0"
"05-09 years","Taliaferro","4","0","1"
"10-17 years","Taliaferro","14","0","0"
"18-29 years","Taliaferro","36","0","3"
"30-39 years","Taliaferro","34","0","1"
"40-49 years","Taliaferro","34","0","3"
"50-59 years","Taliaferro","24","0","1"
"60-69 years","Taliaferro","33","1","5"
"70-79 years","Taliaferro","19","1","7"
"80 & Older years","Taliaferro","7","1","4"
"<1 years","Taliaferro","1","0","0"
"Unknown years","Taliaferro","1","0","0"
"01-04 years","Tattnall","91","0","1"
"05-09 years","Tattnall","129","0","1"
"10-17 years","Tattnall","337","0","3"
"18-29 years","Tattnall","679","1","5"
"30-39 years","Tattnall","605","2","14"
"40-49 years","Tattnall","543","1","17"
"50-59 years","Tattnall","541","17","42"
"60-69 years","Tattnall","383","25","59"
"70-79 years","Tattnall","212","34","56"
"80 & Older years","Tattnall","77","10","23"
"<1 years","Tattnall","46","0","1"
"01-04 years","Taylor","35","0","3"
"05-09 years","Taylor","88","0","0"
"10-17 years","Taylor","129","0","1"
"18-29 years","Taylor","215","1","7"
"30-39 years","Taylor","159","1","5"
"40-49 years","Taylor","208","1","20"
"50-59 years","Taylor","171","4","26"
"60-69 years","Taylor","160","8","30"
"70-79 years","Taylor","87","12","25"
"80 & Older years","Taylor","61","12","18"
"<1 years","Taylor","14","0","1"
"01-04 years","Telfair","20","0","0"
"05-09 years","Telfair","33","0","0"
"10-17 years","Telfair","74","0","1"
"18-29 years","Telfair","269","0","4"
"30-39 years","Telfair","214","1","6"
"40-49 years","Telfair","214","2","9"
"50-59 years","Telfair","190","8","19"
"60-69 years","Telfair","175","13","28"
"70-79 years","Telfair","112","18","28"
"80 & Older years","Telfair","59","18","15"
"<1 years","Telfair","14","0","0"
"Unknown years","Telfair","1","0","0"
"01-04 years","Terrell","32","0","0"
"05-09 years","Terrell","45","0","0"
"10-17 years","Terrell","202","0","2"
"18-29 years","Terrell","182","0","11"
"30-39 years","Terrell","160","0","16"
"40-49 years","Terrell","148","2","19"
"50-59 years","Terrell","183","10","34"
"60-69 years","Terrell","161","14","49"
"70-79 years","Terrell","98","21","36"
"80 & Older years","Terrell","60","19","23"
"<1 years","Terrell","13","0","1"
"01-04 years","Thomas","330","1","2"
"05-09 years","Thomas","570","0","4"
"10-17 years","Thomas","1207","0","3"
"18-29 years","Thomas","1635","2","51"
"30-39 years","Thomas","1346","5","44"
"40-49 years","Thomas","1272","12","80"
"50-59 years","Thomas","1281","29","121"
"60-69 years","Thomas","952","34","188"
"70-79 years","Thomas","555","50","141"
"80 & Older years","Thomas","327","62","128"
"<1 years","Thomas","166","0","5"
"Unknown years","Thomas","3","0","0"
"01-04 years","Tift","183","0","8"
"05-09 years","Tift","244","0","6"
"10-17 years","Tift","584","0","13"
"18-29 years","Tift","1442","2","49"
"30-39 years","Tift","1073","4","62"
"40-49 years","Tift","975","11","88"
"50-59 years","Tift","854","20","107"
"60-69 years","Tift","683","31","121"
"70-79 years","Tift","436","50","129"
"80 & Older years","Tift","254","55","92"
"<1 years","Tift","113","0","5"
"Unknown years","Tift","1","0","0"
"01-04 years","Toombs","89","0","1"
"05-09 years","Toombs","155","0","0"
"10-17 years","Toombs","439","0","3"
"18-29 years","Toombs","1138","1","23"
"30-39 years","Toombs","894","2","13"
"40-49 years","Toombs","821","9","44"
"50-59 years","Toombs","845","21","46"
"60-69 years","Toombs","745","37","90"
"70-79 years","Toombs","500","51","62"
"80 & Older years","Toombs","273","58","50"
"<1 years","Toombs","47","0","2"
"Unknown years","Toombs","2","0","0"
"01-04 years","Towns","31","0","1"
"05-09 years","Towns","35","0","1"
"10-17 years","Towns","111","0","2"
"18-29 years","Towns","332","0","5"
"30-39 years","Towns","214","1","6"
"40-49 years","Towns","260","4","10"
"50-59 years","Towns","413","9","35"
"60-69 years","Towns","506","16","43"
"70-79 years","Towns","424","22","65"
"80 & Older years","Towns","312","49","91"
"<1 years","Towns","13","0","0"
"Unknown years","Towns","2","0","0"
"01-04 years","Treutlen","20","0","0"
"05-09 years","Treutlen","38","0","1"
"10-17 years","Treutlen","97","0","1"
"18-29 years","Treutlen","238","0","4"
"30-39 years","Treutlen","213","0","7"
"40-49 years","Treutlen","190","6","8"
"50-59 years","Treutlen","177","3","12"
"60-69 years","Treutlen","131","9","19"
"70-79 years","Treutlen","96","21","14"
"80 & Older years","Treutlen","55","14","15"
"<1 years","Treutlen","4","0","0"
"01-04 years","Troup","425","0","3"
"05-09 years","Troup","568","0","1"
"10-17 years","Troup","1269","0","14"
"18-29 years","Troup","2944","3","51"
"30-39 years","Troup","2360","10","77"
"40-49 years","Troup","1977","14","88"
"50-59 years","Troup","1995","46","183"
"60-69 years","Troup","1457","71","176"
"70-79 years","Troup","844","80","167"
"80 & Older years","Troup","539","128","114"
"<1 years","Troup","192","0","7"
"Unknown years","Troup","2","0","0"
"01-04 years","Turner","21","0","0"
"05-09 years","Turner","31","0","1"
"10-17 years","Turner","61","0","2"
"18-29 years","Turner","228","0","10"
"30-39 years","Turner","230","1","16"
"40-49 years","Turner","205","1","11"
"50-59 years","Turner","180","2","21"
"60-69 years","Turner","136","11","37"
"70-79 years","Turner","81","15","24"
"80 & Older years","Turner","47","19","19"
"<1 years","Turner","26","0","1"
"01-04 years","Twiggs","29","0","1"
"05-09 years","Twiggs","26","0","1"
"10-17 years","Twiggs","77","0","1"
"18-29 years","Twiggs","171","0","3"
"30-39 years","Twiggs","157","1","5"
"40-49 years","Twiggs","161","2","15"
"50-59 years","Twiggs","219","4","36"
"60-69 years","Twiggs","208","16","49"
"70-79 years","Twiggs","109","19","42"
"80 & Older years","Twiggs","49","17","25"
"<1 years","Twiggs","6","0","0"
"01-04 years","Union","49","0","0"
"05-09 years","Union","95","0","0"
"10-17 years","Union","273","0","2"
"18-29 years","Union","641","1","12"
"30-39 years","Union","591","3","15"
"40-49 years","Union","574","2","27"
"50-59 years","Union","757","10","62"
"60-69 years","Union","981","24","107"
"70-79 years","Union","896","46","161"
"80 & Older years","Union","472","75","159"
"<1 years","Union","31","0","2"
"Unknown years","Union","2","0","0"
"01-04 years","Unknown","345","0","2"
"05-09 years","Unknown","511","0","0"
"10-17 years","Unknown","1060","0","1"
"18-29 years","Unknown","2303","0","9"
"30-39 years","Unknown","1566","0","10"
"40-49 years","Unknown","1476","0","8"
"50-59 years","Unknown","1218","0","11"
"60-69 years","Unknown","737","0","25"
"70-79 years","Unknown","364","0","18"
"80 & Older years","Unknown","173","0","12"
"<1 years","Unknown","199","0","1"
"Unknown years","Unknown","141","0","4"
"01-04 years","Upson","167","0","2"
"05-09 years","Upson","220","0","0"
"10-17 years","Upson","480","1","6"
"18-29 years","Upson","900","0","24"
"30-39 years","Upson","710","2","20"
"40-49 years","Upson","652","3","36"
"50-59 years","Upson","670","18","74"
"60-69 years","Upson","584","44","103"
"70-79 years","Upson","395","62","110"
"80 & Older years","Upson","213","62","83"
"<1 years","Upson","81","0","3"
"Unknown years","Upson","4","0","0"
"01-04 years","Walker","325","0","3"
"05-09 years","Walker","525","0","2"
"10-17 years","Walker","1366","0","11"
"18-29 years","Walker","2783","0","34"
"30-39 years","Walker","2261","2","35"
"40-49 years","Walker","2393","12","78"
"50-59 years","Walker","2166","18","95"
"60-69 years","Walker","1687","47","130"
"70-79 years","Walker","1126","67","143"
"80 & Older years","Walker","545","79","99"
"<1 years","Walker","140","0","8"
"Unknown years","Walker","24","0","2"
"01-04 years","Walton","377","0","28"
"05-09 years","Walton","592","0","31"
"10-17 years","Walton","1570","0","64"
"18-29 years","Walton","3290","3","230"
"30-39 years","Walton","2951","8","204"
"40-49 years","Walton","2983","13","240"
"50-59 years","Walton","2968","37","312"
"60-69 years","Walton","2077","72","369"
"70-79 years","Walton","1407","128","386"
"80 & Older years","Walton","830","160","319"
"<1 years","Walton","200","0","28"
"Unknown years","Walton","5","0","1"
"01-04 years","Ware","184","0","1"
"05-09 years","Ware","243","0","0"
"10-17 years","Ware","626","0","5"
"18-29 years","Ware","1187","3","23"
"30-39 years","Ware","982","4","43"
"40-49 years","Ware","888","5","63"
"50-59 years","Ware","808","35","142"
"60-69 years","Ware","622","43","135"
"70-79 years","Ware","463","58","151"
"80 & Older years","Ware","298","80","93"
"<1 years","Ware","76","0","3"
"Unknown years","Ware","2","0","0"
"01-04 years","Warren","14","0","1"
"05-09 years","Warren","17","0","1"
"10-17 years","Warren","51","0","1"
"18-29 years","Warren","141","0","4"
"30-39 years","Warren","111","0","6"
"40-49 years","Warren","104","3","9"
"50-59 years","Warren","100","3","11"
"60-69 years","Warren","87","3","18"
"70-79 years","Warren","69","10","25"
"80 & Older years","Warren","38","10","18"
"<1 years","Warren","10","0","1"
"Unknown years","Warren","1","0","0"
"01-04 years","Washington","121","0","0"
"05-09 years","Washington","166","0","0"
"10-17 years","Washington","408","1","5"
"18-29 years","Washington","606","0","7"
"30-39 years","Washington","537","2","17"
"40-49 years","Washington","505","6","18"
"50-59 years","Washington","475","9","25"
"60-69 years","Washington","392","18","42"
"70-79 years","Washington","196","18","35"
"80 & Older years","Washington","100","30","17"
"<1 years","Washington","56","0","2"
"Unknown years","Washington","1","0","0"
"01-04 years","Wayne","109","0","3"
"05-09 years","Wayne","185","0","2"
"10-17 years","Wayne","566","0","4"
"18-29 years","Wayne","1090","1","19"
"30-39 years","Wayne","1021","7","28"
"40-49 years","Wayne","1014","12","72"
"50-59 years","Wayne","928","27","88"
"60-69 years","Wayne","716","46","134"
"70-79 years","Wayne","492","51","149"
"80 & Older years","Wayne","245","50","79"
"<1 years","Wayne","62","0","3"
"01-04 years","Webster","1","0","0"
"05-09 years","Webster","10","0","0"
"10-17 years","Webster","21","0","0"
"18-29 years","Webster","51","0","3"
"30-39 years","Webster","29","0","2"
"40-49 years","Webster","44","1","3"
"50-59 years","Webster","44","3","8"
"60-69 years","Webster","42","1","8"
"70-79 years","Webster","23","3","5"
"80 & Older years","Webster","9","2","3"
"<1 years","Webster","3","0","0"
"01-04 years","Wheeler","15","0","0"
"05-09 years","Wheeler","12","0","1"
"10-17 years","Wheeler","52","0","0"
"18-29 years","Wheeler","169","0","1"
"30-39 years","Wheeler","197","2","2"
"40-49 years","Wheeler","183","3","5"
"50-59 years","Wheeler","160","9","12"
"60-69 years","Wheeler","89","6","11"
"70-79 years","Wheeler","63","10","14"
"80 & Older years","Wheeler","19","5","3"
"<1 years","Wheeler","8","0","1"
"Unknown years","Wheeler","23","0","1"
"01-04 years","White","108","0","1"
"05-09 years","White","209","0","1"
"10-17 years","White","640","0","2"
"18-29 years","White","1137","2","19"
"30-39 years","White","892","3","19"
"40-49 years","White","1029","8","47"
"50-59 years","White","1165","12","81"
"60-69 years","White","1080","25","118"
"70-79 years","White","886","51","160"
"80 & Older years","White","474","60","127"
"<1 years","White","48","0","2"
"Unknown years","White","3","0","1"
"01-04 years","Whitfield","592","0","4"
"05-09 years","Whitfield","996","0","5"
"10-17 years","Whitfield","2925","0","17"
"18-29 years","Whitfield","6859","3","76"
"30-39 years","Whitfield","4774","8","102"
"40-49 years","Whitfield","4521","13","129"
"50-59 years","Whitfield","4137","63","207"
"60-69 years","Whitfield","2641","87","239"
"70-79 years","Whitfield","1618","115","232"
"80 & Older years","Whitfield","902","158","195"
"<1 years","Whitfield","274","0","6"
"Unknown years","Whitfield","1","0","0"
"01-04 years","Wilcox","30","0","1"
"05-09 years","Wilcox","34","0","1"
"10-17 years","Wilcox","67","0","0"
"18-29 years","Wilcox","122","0","2"
"30-39 years","Wilcox","111","0","3"
"40-49 years","Wilcox","128","0","15"
"50-59 years","Wilcox","128","2","22"
"60-69 years","Wilcox","138","11","33"
"70-79 years","Wilcox","84","13","18"
"80 & Older years","Wilcox","31","9","11"
"<1 years","Wilcox","11","0","1"
"01-04 years","Wilkes","19","0","1"
"05-09 years","Wilkes","36","0","0"
"10-17 years","Wilkes","96","0","3"
"18-29 years","Wilkes","222","1","9"
"30-39 years","Wilkes","148","0","9"
"40-49 years","Wilkes","177","1","23"
"50-59 years","Wilkes","165","5","22"
"60-69 years","Wilkes","156","9","40"
"70-79 years","Wilkes","100","10","34"
"80 & Older years","Wilkes","60","12","26"
"<1 years","Wilkes","13","0","2"
"01-04 years","Wilkinson","40","0","0"
"05-09 years","Wilkinson","58","0","0"
"10-17 years","Wilkinson","168","0","2"
"18-29 years","Wilkinson","315","0","5"
"30-39 years","Wilkinson","276","0","14"
"40-49 years","Wilkinson","262","0","11"
"50-59 years","Wilkinson","294","8","37"
"60-69 years","Wilkinson","253","20","59"
"70-79 years","Wilkinson","123","16","29"
"80 & Older years","Wilkinson","71","13","24"
"<1 years","Wilkinson","13","0","0"
"01-04 years","Worth","56","0","2"
"05-09 years","Worth","94","0","2"
"10-17 years","Worth","244","1","6"
"18-29 years","Worth","462","1","23"
"30-39 years","Worth","353","0","22"
"40-49 years","Worth","338","4","30"
"50-59 years","Worth","340","9","46"
"60-69 years","Worth","329","27","84"
"70-79 years","Worth","204","27","67"
"80 & Older years","Worth","120","28","45"
"<1 years","Worth","29","0","0"
"Unknown years","Worth","3","0","0"
